"Date","Price","Open","High","Low","Vol.","Change %"
"Sep 24, 2021","76.15","77.95","78.25","75.55","688.89K","-2.25%"
"Sep 23, 2021","77.90","78.70","79.20","77.55","595.77K","-0.45%"
"Sep 22, 2021","78.25","80.00","80.55","77.80","659.70K","-1.82%"
"Sep 21, 2021","79.70","78.55","80.80","77.05","1.59M","1.46%"
"Sep 20, 2021","78.55","79.00","82.65","77.60","2.70M","0.00%"
"Sep 17, 2021","78.55","77.00","81.95","76.65","4.76M","3.42%"
"Sep 16, 2021","75.95","77.75","77.75","75.00","678.94K","-0.39%"
"Sep 15, 2021","76.25","73.40","77.35","72.80","1.56M","5.98%"
"Sep 14, 2021","71.95","70.25","72.50","70.25","1.02M","3.08%"
"Sep 13, 2021","69.80","69.60","71.05","69.50","431.06K","0.22%"
"Sep 09, 2021","69.65","69.60","70.40","69.30","456.57K","0.07%"
"Sep 08, 2021","69.60","70.95","70.95","69.00","304.11K","-0.36%"
"Sep 07, 2021","69.85","71.50","71.90","69.40","632.47K","-0.71%"
"Sep 06, 2021","70.35","71.85","71.85","70.25","148.31K","-1.61%"
"Sep 03, 2021","71.50","71.70","73.00","70.45","1.15M","-0.21%"
"Sep 02, 2021","71.65","72.90","73.00","71.35","407.12K","-0.62%"
"Sep 01, 2021","72.10","71.90","73.55","71.25","614.27K","1.05%"
"Aug 31, 2021","71.35","71.15","72.45","70.50","341.12K","0.00%"
"Aug 30, 2021","71.35","72.60","72.65","71.00","215.66K","-2.19%"
"Aug 27, 2021","72.95","72.95","74.15","72.10","463.09K","2.67%"
"Aug 26, 2021","71.05","72.40","74.00","70.35","584.21K","-0.77%"
"Aug 25, 2021","71.60","69.10","72.35","68.30","745.23K","3.92%"
"Aug 24, 2021","68.90","66.70","69.35","65.70","297.11K","3.45%"
"Aug 23, 2021","66.60","67.55","69.30","65.60","571.93K","-0.67%"
"Aug 20, 2021","67.05","69.50","69.50","66.35","312.79K","-3.53%"
"Aug 18, 2021","69.50","72.00","72.60","68.20","375.92K","-3.34%"
"Aug 17, 2021","71.90","68.20","72.40","68.20","1.11M","4.66%"
"Aug 16, 2021","68.70","71.75","71.75","63.55","265.62K","-4.45%"
"Aug 13, 2021","71.90","72.40","73.35","71.20","751.66K","0.63%"
"Aug 12, 2021","71.45","67.80","72.50","67.80","643.72K","5.38%"
"Aug 11, 2021","67.80","69.70","69.70","65.90","313.77K","-0.88%"
"Aug 10, 2021","68.40","68.40","70.40","67.45","588.57K","0.00%"
"Aug 09, 2021","68.40","70.70","71.00","67.30","429.76K","-2.77%"
"Aug 06, 2021","70.35","71.00","71.20","69.80","460.87K","-0.64%"
"Aug 05, 2021","70.80","73.10","73.55","70.40","385.17K","-3.67%"
"Aug 04, 2021","73.50","74.40","75.15","73.10","493.18K","-1.21%"
"Aug 03, 2021","74.40","75.50","76.40","74.15","240.97K","-0.80%"
"Aug 02, 2021","75.00","75.95","75.95","74.60","307.28K","-0.20%"
"Jul 30, 2021","75.15","73.35","76.10","73.35","238.77K","1.35%"
"Jul 29, 2021","74.15","75.45","75.85","73.50","485.21K","-1.53%"
"Jul 28, 2021","75.30","75.90","76.00","74.30","205.18K","-0.99%"
"Jul 27, 2021","76.05","76.95","77.35","75.60","621.73K","-1.04%"
"Jul 26, 2021","76.85","77.65","78.10","76.55","159.59K","-1.03%"
"Jul 23, 2021","77.65","78.50","78.70","77.10","358.77K","-1.40%"
"Jul 22, 2021","78.75","76.00","80.10","75.70","991.16K","3.96%"
"Jul 20, 2021","75.75","77.50","78.50","74.40","1.06M","-2.32%"
"Jul 19, 2021","77.55","79.00","79.00","77.10","395.09K","-1.46%"
"Jul 16, 2021","78.70","78.95","79.40","78.35","202.87K","-0.32%"
"Jul 15, 2021","78.95","79.10","80.70","78.30","393.90K","0.32%"
"Jul 14, 2021","78.70","80.00","80.00","78.50","201.77K","-0.32%"
"Jul 13, 2021","78.95","80.10","80.25","78.65","418.12K","-0.50%"
"Jul 12, 2021","79.35","81.50","81.90","78.80","1.02M","-1.67%"
"Jul 09, 2021","80.70","82.00","82.55","80.30","620.59K","-1.34%"
"Jul 08, 2021","81.80","78.00","82.40","78.00","3.03M","4.40%"
"Jul 07, 2021","78.35","79.00","79.60","78.00","469.77K","-1.20%"
"Jul 06, 2021","79.30","81.15","82.00","79.00","1.12M","0.25%"
"Jul 05, 2021","79.10","78.50","80.10","78.05","553.14K","1.35%"
"Jul 02, 2021","78.05","80.00","80.30","77.80","444.37K","-2.44%"
"Jul 01, 2021","80.00","81.00","81.85","79.45","709.92K","-1.23%"
"Jun 30, 2021","81.00","83.20","83.90","80.15","1.02M","-1.46%"
"Jun 29, 2021","82.20","82.00","82.65","81.05","1.61M","3.20%"
"Jun 28, 2021","79.65","78.70","80.40","77.75","358.56K","2.12%"
"Jun 25, 2021","78.00","77.95","79.20","77.10","602.45K","0.65%"
"Jun 24, 2021","77.50","78.85","79.05","77.10","220.92K","-1.40%"
"Jun 23, 2021","78.60","80.95","81.20","78.15","511.02K","-2.36%"
"Jun 22, 2021","80.50","77.15","81.85","76.85","1.49M","4.75%"
"Jun 21, 2021","76.85","75.00","77.55","67.95","714.77K","0.92%"
"Jun 18, 2021","76.15","77.00","77.85","73.70","465.56K","-0.98%"
"Jun 17, 2021","76.90","76.95","78.25","76.55","755.10K","-1.03%"
"Jun 16, 2021","77.70","78.55","79.10","77.50","597.42K","-1.15%"
"Jun 15, 2021","78.60","78.60","79.75","78.40","551.45K","0.00%"
"Jun 14, 2021","78.60","80.00","80.35","77.10","789.33K","-1.38%"
"Jun 11, 2021","79.70","80.05","81.20","79.00","357.79K","-0.38%"
"Jun 10, 2021","80.00","81.00","81.00","79.40","328.37K","0.50%"
"Jun 09, 2021","79.60","79.90","82.95","78.60","1.18M","0.13%"
"Jun 08, 2021","79.50","80.75","81.50","78.30","945.70K","-1.43%"
"Jun 07, 2021","80.65","80.00","81.65","79.70","924.03K","1.26%"
"Jun 04, 2021","79.65","78.00","80.95","77.70","975.78K","2.31%"
"Jun 03, 2021","77.85","76.70","78.60","76.35","658.15K","2.43%"
"Jun 02, 2021","76.00","76.20","77.40","74.65","402.97K","-0.26%"
"Jun 01, 2021","76.20","80.00","80.00","75.85","458.99K","-4.27%"
"May 31, 2021","79.60","80.70","82.05","78.70","451.67K","0.57%"
"May 28, 2021","79.15","78.10","80.75","77.65","457.04K","0.76%"
"May 27, 2021","78.55","81.70","81.85","77.55","847.15K","-3.08%"
"May 26, 2021","81.05","82.95","83.25","80.70","524.90K","-1.46%"
"May 25, 2021","82.25","81.95","83.90","80.10","1.14M","1.29%"
"May 24, 2021","81.20","77.95","82.20","77.10","1.24M","6.49%"
"May 21, 2021","76.25","74.75","77.20","74.75","434.66K","1.87%"
"May 20, 2021","74.85","75.25","76.55","74.35","252.90K","-0.20%"
"May 19, 2021","75.00","76.40","78.45","74.30","969.65K","-1.83%"
"May 18, 2021","76.40","72.00","77.40","71.35","906.70K","8.68%"
"May 17, 2021","70.30","71.00","71.35","69.70","388.87K","0.57%"
"May 14, 2021","69.90","72.00","74.00","68.35","448.88K","-2.71%"
"May 12, 2021","71.85","70.85","73.35","70.30","818.11K","3.16%"
"May 11, 2021","69.65","63.60","70.15","62.80","1.79M","9.51%"
"May 10, 2021","63.60","62.85","63.80","62.25","446.92K","1.60%"
"May 07, 2021","62.60","63.35","63.35","62.45","427.17K","-0.32%"
"May 06, 2021","62.80","63.95","63.95","62.25","105.74K","-0.16%"
"May 05, 2021","62.90","61.60","63.55","61.25","320.68K","2.11%"
"May 04, 2021","61.60","61.45","63.25","61.10","512.26K","0.24%"
"May 03, 2021","61.45","62.25","62.50","60.75","454.56K","-2.31%"
"Apr 30, 2021","62.90","63.70","64.00","62.60","343.73K","-1.64%"
"Apr 29, 2021","63.95","66.80","66.80","63.55","196.84K","-1.24%"
"Apr 28, 2021","64.75","65.70","65.90","63.75","298.97K","0.00%"
"Apr 27, 2021","64.75","63.40","65.00","62.55","374.34K","4.44%"
"Apr 26, 2021","62.00","61.45","63.60","61.25","562.23K","1.89%"
"Apr 23, 2021","60.85","60.00","61.30","59.65","311.24K","1.42%"
"Apr 22, 2021","60.00","61.00","61.00","59.40","421.56K","-2.36%"
"Apr 20, 2021","61.45","61.00","63.30","60.55","650.13K","0.24%"
"Apr 19, 2021","61.30","64.00","64.00","61.00","602.49K","-6.84%"
"Apr 16, 2021","65.80","68.00","68.50","64.10","522.54K","-1.35%"
"Apr 15, 2021","66.70","66.55","68.20","65.60","421.84K","-2.27%"
"Apr 13, 2021","68.25","65.10","70.30","65.10","730.99K","2.86%"
"Apr 12, 2021","66.35","67.45","68.80","65.25","1.57M","-6.68%"
"Apr 09, 2021","71.10","71.00","71.50","70.20","262.59K","-0.14%"
"Apr 08, 2021","71.20","71.90","72.40","70.70","567.25K","-0.97%"
"Apr 07, 2021","71.90","69.05","72.35","68.75","561.09K","3.60%"
"Apr 06, 2021","69.40","68.65","69.80","68.10","344.52K","0.87%"
"Apr 05, 2021","68.80","71.90","71.90","68.05","373.43K","-4.64%"
"Apr 01, 2021","72.15","70.55","72.60","69.80","356.20K","3.81%"
"Mar 31, 2021","69.50","69.95","71.15","68.75","413.39K","1.68%"
"Mar 30, 2021","68.35","70.20","70.65","68.05","403.96K","-1.30%"
"Mar 26, 2021","69.25","69.00","70.70","69.00","998.11K","0.65%"
"Mar 25, 2021","68.80","71.85","72.50","68.40","1.13M","-4.24%"
"Mar 24, 2021","71.85","72.95","73.90","71.60","517.49K","-3.88%"
"Mar 23, 2021","74.75","77.30","77.70","74.50","456.51K","-2.16%"
"Mar 22, 2021","76.40","73.70","77.00","72.10","1.08M","6.41%"
"Mar 19, 2021","71.80","72.35","74.30","69.25","1.49M","-4.65%"
"Mar 18, 2021","75.30","78.00","79.05","74.60","2.47M","-3.46%"
"Mar 17, 2021","78.00","78.80","81.80","77.15","756.27K","-1.39%"
"Mar 16, 2021","79.10","80.10","80.70","78.70","753.57K","-2.10%"
"Mar 15, 2021","80.80","82.95","83.30","79.70","989.64K","-2.18%"
"Mar 12, 2021","82.60","83.00","84.20","82.00","276.98K","-0.48%"
"Mar 10, 2021","83.00","84.90","85.95","82.70","543.20K","-0.54%"
"Mar 09, 2021","83.45","84.50","85.30","82.80","399.68K","-1.30%"
"Mar 08, 2021","84.55","85.15","86.20","83.50","834.62K","-0.41%"
"Mar 05, 2021","84.90","87.00","88.00","84.25","2.19M","-3.03%"
"Mar 04, 2021","87.55","86.50","90.50","85.75","939.27K","-1.52%"
"Mar 03, 2021","88.90","85.65","89.85","83.55","1.34M","6.09%"
"Mar 02, 2021","83.80","83.00","84.85","83.00","336.17K","0.72%"
"Mar 01, 2021","83.20","84.05","84.90","82.80","723.23K","0.60%"
"Feb 26, 2021","82.70","83.00","84.80","82.50","593.72K","-2.76%"
"Feb 25, 2021","85.05","84.05","86.70","84.05","564.03K","1.49%"
"Feb 24, 2021","83.80","83.00","85.25","83.00","924.00K","0.96%"
"Feb 23, 2021","83.00","83.90","84.85","82.55","949.78K","-1.01%"
"Feb 22, 2021","83.85","85.60","86.20","81.80","699.43K","-2.84%"
"Feb 19, 2021","86.30","88.25","88.50","85.30","338.61K","-2.15%"
"Feb 18, 2021","88.20","87.60","89.20","87.60","474.80K","-0.23%"
"Feb 17, 2021","88.40","87.10","90.60","86.20","939.93K","0.97%"
"Feb 16, 2021","87.55","88.75","89.05","87.05","278.84K","-1.90%"
"Feb 15, 2021","89.25","91.60","91.60","89.00","196.40K","-1.54%"
"Feb 12, 2021","90.65","93.20","94.00","89.85","974.88K","3.36%"
"Feb 11, 2021","87.70","87.85","89.55","87.00","285.01K","-0.17%"
"Feb 10, 2021","87.85","87.90","90.30","87.05","776.05K","1.15%"
"Feb 09, 2021","86.85","89.20","89.20","86.50","238.74K","-1.53%"
"Feb 08, 2021","88.20","88.45","89.60","88.00","378.65K","-0.23%"
"Feb 05, 2021","88.40","88.00","91.95","88.00","1.06M","1.38%"
"Feb 04, 2021","87.20","85.15","88.10","85.05","212.33K","2.41%"
"Feb 03, 2021","85.15","86.00","86.70","84.15","166.74K","-0.29%"
"Feb 02, 2021","85.40","86.00","87.00","85.10","427.62K","0.77%"
"Feb 01, 2021","84.75","83.60","85.50","83.00","538.99K","2.29%"
"Jan 29, 2021","82.85","83.80","84.45","82.45","1.08M","1.10%"
"Jan 28, 2021","81.95","82.50","83.75","81.15","230.62K","-2.50%"
"Jan 27, 2021","84.05","85.20","85.30","83.35","173.38K","-1.75%"
"Jan 25, 2021","85.55","88.10","88.85","84.65","486.27K","-2.78%"
"Jan 22, 2021","88.00","89.30","90.15","87.40","539.24K","-1.35%"
"Jan 21, 2021","89.20","91.00","93.50","88.60","1.10M","-1.71%"
"Jan 20, 2021","90.75","90.90","93.60","89.00","375.76K","0.61%"
"Jan 19, 2021","90.20","88.50","91.15","88.15","596.92K","3.38%"
"Jan 18, 2021","87.25","89.95","90.50","86.15","670.86K","-2.62%"
"Jan 15, 2021","89.60","91.30","91.95","88.70","550.40K","-1.81%"
"Jan 14, 2021","91.25","92.25","93.00","91.00","273.61K","-1.40%"
"Jan 13, 2021","92.55","94.70","95.00","91.20","312.30K","-1.23%"
"Jan 12, 2021","93.70","94.00","95.70","93.45","520.16K","0.92%"
"Jan 11, 2021","92.85","94.00","94.40","92.50","539.38K","-1.07%"
"Jan 08, 2021","93.85","94.80","94.80","93.50","198.64K","0.48%"
"Jan 07, 2021","93.40","94.65","95.15","92.25","425.30K","-0.05%"
"Jan 06, 2021","93.45","93.90","95.50","92.40","878.49K","-0.43%"
"Jan 05, 2021","93.85","93.10","95.35","92.90","634.68K","-1.52%"
"Jan 04, 2021","95.30","96.10","97.15","94.50","449.37K","0.79%"
"Jan 01, 2021","94.55","95.80","95.80","94.30","200.91K","-0.42%"
"Dec 31, 2020","94.95","94.80","96.20","93.50","294.72K","-0.11%"
"Dec 30, 2020","95.05","95.70","97.45","91.30","650.56K","0.26%"
"Dec 29, 2020","94.80","97.00","97.35","94.25","576.62K","-0.78%"
"Dec 28, 2020","95.55","96.80","97.55","92.50","569.23K","0.37%"
"Dec 24, 2020","95.20","98.30","99.50","94.10","1.96M","-2.81%"
"Dec 23, 2020","97.95","89.60","97.95","89.05","2.44M","9.99%"
"Dec 22, 2020","89.05","84.30","90.30","82.35","2.38M","-2.62%"
"Dec 21, 2020","91.45","101.65","101.65","91.45","1.12M","-9.99%"
"Dec 18, 2020","101.60","103.10","105.10","101.15","873.74K","0.05%"
"Dec 17, 2020","101.55","103.40","106.30","100.05","1.07M","-3.65%"
"Dec 16, 2020","105.40","103.45","107.30","102.00","1.16M","2.28%"
"Dec 15, 2020","103.05","104.00","105.30","102.20","1.44M","0.39%"
"Dec 14, 2020","102.65","106.95","107.95","102.00","1.16M","-3.30%"
"Dec 11, 2020","106.15","103.15","107.95","100.60","2.57M","6.52%"
"Dec 10, 2020","99.65","92.40","101.15","88.00","3.85M","6.24%"
"Dec 09, 2020","93.80","96.80","97.00","92.80","1.78M","-2.95%"
"Dec 08, 2020","96.65","97.60","99.35","93.75","1.55M","2.33%"
"Dec 07, 2020","94.45","91.00","95.90","90.30","1.85M","5.77%"
"Dec 04, 2020","89.30","85.70","91.85","85.70","4.20M","9.77%"
"Dec 03, 2020","81.35","78.00","83.40","78.00","1.30M","5.79%"
"Dec 02, 2020","76.90","75.45","77.55","74.40","2.45M","3.92%"
"Dec 01, 2020","74.00","71.90","75.00","70.20","961.76K","3.50%"
"Nov 27, 2020","71.50","71.30","72.00","69.50","516.32K","1.42%"
"Nov 26, 2020","70.50","70.10","71.25","68.75","489.68K","1.51%"
"Nov 25, 2020","69.45","72.00","72.45","68.75","1.03M","-1.84%"
"Nov 24, 2020","70.75","71.40","73.20","70.30","538.37K","0.21%"
"Nov 23, 2020","70.60","74.05","76.00","66.40","1.43M","-2.96%"
"Nov 20, 2020","72.75","74.60","79.75","71.05","6.64M","-2.15%"
"Nov 19, 2020","74.35","68.25","76.80","68.00","6.85M","12.06%"
"Nov 18, 2020","66.35","60.50","67.20","60.25","3.37M","12.27%"
"Nov 17, 2020","59.10","56.00","59.90","54.80","2.03M","6.78%"
"Nov 14, 2020","55.35","55.35","55.35","55.35","-","1.65%"
"Nov 13, 2020","54.45","54.55","55.15","53.60","906.68K","-1.00%"
"Nov 12, 2020","55.00","54.00","57.10","53.20","2.46M","1.85%"
"Nov 11, 2020","54.00","51.60","55.00","51.00","1.01M","5.16%"
"Nov 10, 2020","51.35","52.75","53.30","50.75","797.15K","2.70%"
"Nov 09, 2020","50.00","51.50","51.80","49.25","175.23K","-0.99%"
"Nov 06, 2020","50.50","49.80","51.20","49.40","607.43K","3.06%"
"Nov 05, 2020","49.00","48.90","50.00","48.80","213.74K","0.20%"
"Nov 04, 2020","48.90","48.60","49.65","48.55","123.03K","-0.61%"
"Nov 03, 2020","49.20","49.95","50.00","48.90","98.13K","0.41%"
"Nov 02, 2020","49.00","51.00","51.00","48.75","111.68K","-1.21%"
"Oct 30, 2020","49.60","50.25","51.45","49.20","116.06K","-0.50%"
"Oct 29, 2020","49.85","50.30","50.50","49.50","118.13K","-1.48%"
"Oct 28, 2020","50.60","51.25","52.30","50.30","144.60K","-2.60%"
"Oct 27, 2020","51.95","51.00","52.30","50.20","345.88K","1.86%"
"Oct 26, 2020","51.00","52.40","52.65","50.50","597.06K","-2.21%"
"Oct 23, 2020","52.15","48.10","53.75","48.05","3.08M","8.99%"
"Oct 22, 2020","47.85","48.80","48.80","47.65","118.23K","-1.44%"
"Oct 21, 2020","48.55","48.10","49.05","47.95","167.50K","1.25%"
"Oct 20, 2020","47.95","48.00","48.95","47.75","200.76K","-0.72%"
"Oct 19, 2020","48.30","48.95","50.00","47.90","440.52K","0.84%"
"Oct 16, 2020","47.90","47.00","48.40","47.00","136.11K","-0.10%"
"Oct 15, 2020","47.95","49.50","49.50","47.80","116.85K","-1.94%"
"Oct 14, 2020","48.90","47.95","49.20","47.55","143.02K","1.66%"
"Oct 13, 2020","48.10","48.50","48.90","47.85","202.63K","-0.52%"
"Oct 12, 2020","48.35","50.00","50.80","48.00","301.14K","-3.30%"
"Oct 09, 2020","50.00","51.40","51.40","49.80","107.27K","-0.20%"
"Oct 08, 2020","50.10","50.20","50.80","49.60","132.90K","-0.30%"
"Oct 07, 2020","50.25","51.40","52.00","50.05","125.24K","-1.86%"
"Oct 06, 2020","51.20","52.35","52.35","50.85","179.20K","-0.39%"
"Oct 05, 2020","51.40","50.30","52.00","49.55","642.30K","2.19%"
"Oct 01, 2020","50.30","48.25","51.15","48.25","498.98K","4.25%"
"Sep 30, 2020","48.25","48.25","49.00","48.15","130.89K","-0.52%"
"Sep 29, 2020","48.50","48.05","48.95","48.05","82.39K","1.04%"
"Sep 28, 2020","48.00","47.15","48.35","47.15","281.35K","2.89%"
"Sep 25, 2020","46.65","45.60","47.25","45.60","264.00K","0.65%"
"Sep 24, 2020","46.35","48.00","48.00","46.20","236.42K","-4.24%"
"Sep 23, 2020","48.40","48.25","49.60","47.95","112.98K","-0.92%"
"Sep 22, 2020","48.85","49.40","49.75","47.15","245.49K","-1.91%"
"Sep 21, 2020","49.80","51.50","52.00","49.30","264.97K","-3.30%"
"Sep 18, 2020","51.50","52.20","52.60","51.25","121.31K","-1.06%"
"Sep 17, 2020","52.05","53.45","53.65","52.00","154.16K","-1.98%"
"Sep 16, 2020","53.10","53.05","54.90","52.30","680.27K","-0.56%"
"Sep 15, 2020","53.40","54.50","54.50","52.70","341.32K","0.19%"
"Sep 14, 2020","53.30","52.30","54.00","51.05","482.61K","3.90%"
"Sep 11, 2020","51.30","50.95","52.40","50.60","388.30K","0.79%"
"Sep 10, 2020","50.90","51.15","51.55","50.60","174.96K","0.79%"
"Sep 09, 2020","50.50","50.95","51.15","49.75","250.46K","-2.13%"
"Sep 08, 2020","51.60","52.10","52.90","51.40","363.37K","-1.34%"
"Sep 07, 2020","52.30","54.00","54.20","51.60","677.26K","-2.52%"
"Sep 04, 2020","53.65","52.00","56.55","49.80","1.31M","2.19%"
"Sep 03, 2020","52.50","53.40","53.70","52.15","333.88K","3.24%"
"Sep 02, 2020","50.85","51.00","51.45","50.40","185.54K","0.30%"
"Sep 01, 2020","50.70","50.10","51.80","50.10","347.92K","-1.55%"
"Aug 31, 2020","51.50","53.00","53.00","49.65","604.61K","-1.62%"
"Aug 28, 2020","52.35","52.60","52.80","52.10","280.68K","0.67%"
"Aug 27, 2020","52.00","52.45","52.70","51.70","263.47K","-0.57%"
"Aug 26, 2020","52.30","53.00","53.10","52.00","468.74K","0.87%"
"Aug 25, 2020","51.85","52.80","53.20","51.60","444.45K","-0.67%"
"Aug 24, 2020","52.20","54.20","54.35","51.90","483.77K","-3.51%"
"Aug 21, 2020","54.10","52.50","54.50","52.00","2.01M","4.95%"
"Aug 20, 2020","51.55","50.10","54.25","49.55","1.32M","2.08%"
"Aug 19, 2020","50.50","51.05","51.60","50.35","631.49K","0.20%"
"Aug 18, 2020","50.40","49.25","50.85","49.25","925.90K","1.82%"
"Aug 17, 2020","49.50","50.40","50.40","48.75","494.79K","0.30%"
"Aug 14, 2020","49.35","51.10","51.75","48.40","730.19K","-1.89%"
"Aug 13, 2020","50.30","49.20","52.20","49.15","1.74M","2.13%"
"Aug 12, 2020","49.25","46.05","50.80","46.05","3.22M","6.03%"
"Aug 11, 2020","46.45","46.25","47.70","45.50","562.15K","0.65%"
"Aug 10, 2020","46.15","46.00","47.00","46.00","113.38K","-0.11%"
"Aug 07, 2020","46.20","45.80","47.00","45.80","410.69K","0.11%"
"Aug 06, 2020","46.15","46.00","47.30","45.75","141.64K","0.98%"
"Aug 05, 2020","45.70","46.45","46.45","45.60","186.63K","0.33%"
"Aug 04, 2020","45.55","45.55","46.80","45.35","155.86K","-1.09%"
"Aug 03, 2020","46.05","47.70","47.70","46.00","179.09K","-1.71%"
"Jul 31, 2020","46.85","47.30","47.50","46.55","183.45K","-0.95%"
"Jul 30, 2020","47.30","47.15","48.10","46.90","407.99K","-2.47%"
"Jul 29, 2020","48.50","47.95","49.90","46.80","466.17K","1.15%"
"Jul 28, 2020","47.95","48.95","48.95","47.60","150.61K","-0.42%"
"Jul 27, 2020","48.15","50.20","50.50","48.00","172.34K","-3.99%"
"Jul 24, 2020","50.15","50.00","51.80","48.40","583.71K","1.42%"
"Jul 23, 2020","49.45","47.70","50.50","47.45","451.38K","4.21%"
"Jul 22, 2020","47.45","48.45","48.45","47.20","136.50K","-0.94%"
"Jul 21, 2020","47.90","49.05","49.05","47.80","189.80K","-1.74%"
"Jul 20, 2020","48.75","49.50","49.50","48.60","109.37K","0.00%"
"Jul 17, 2020","48.75","49.50","49.95","48.30","290.01K","-2.11%"
"Jul 16, 2020","49.80","47.15","50.75","46.60","888.31K","3.97%"
"Jul 15, 2020","47.90","48.50","49.20","47.60","175.95K","-0.42%"
"Jul 14, 2020","48.10","49.70","49.70","47.25","310.33K","-3.22%"
"Jul 13, 2020","49.70","50.60","50.60","49.55","130.25K","-0.40%"
"Jul 10, 2020","49.90","50.35","50.55","49.80","292.89K","-1.48%"
"Jul 09, 2020","50.65","51.10","51.50","50.25","267.29K","-0.59%"
"Jul 08, 2020","50.95","50.00","53.50","49.55","1.78M","1.60%"
"Jul 07, 2020","50.15","49.90","51.10","49.70","294.62K","0.50%"
"Jul 06, 2020","49.90","50.20","50.85","49.80","484.38K","-0.60%"
"Jul 03, 2020","50.20","50.05","51.15","49.50","752.48K","-0.50%"
"Jul 02, 2020","50.45","50.00","51.60","49.75","800.40K","1.51%"
"Jul 01, 2020","49.70","50.80","50.80","49.50","191.44K","-1.09%"
"Jun 30, 2020","50.25","51.95","52.25","50.10","300.04K","-2.33%"
"Jun 29, 2020","51.45","51.15","52.70","49.30","697.28K","0.68%"
"Jun 26, 2020","51.10","50.50","52.05","49.65","594.97K","2.20%"
"Jun 25, 2020","50.00","50.00","50.30","49.30","328.17K","-0.99%"
"Jun 24, 2020","50.50","51.25","52.70","50.35","1.07M","-1.46%"
"Jun 23, 2020","51.25","51.25","54.00","50.50","819.94K","0.20%"
"Jun 22, 2020","51.15","51.25","52.25","51.00","406.13K","0.29%"
"Jun 19, 2020","51.00","52.00","52.15","50.85","273.69K","-0.39%"
"Jun 18, 2020","51.20","51.25","52.00","49.20","389.69K","0.59%"
"Jun 17, 2020","50.90","49.10","52.50","49.10","166.27K","-0.20%"
"Jun 16, 2020","51.00","53.40","53.60","48.15","573.87K","-0.78%"
"Jun 15, 2020","51.40","52.30","53.90","50.65","316.67K","-0.68%"
"Jun 12, 2020","51.75","48.20","52.00","47.00","427.41K","0.00%"
"Jun 11, 2020","51.75","51.75","55.40","50.40","363.94K","-0.86%"
"Jun 10, 2020","52.20","55.00","55.00","51.15","572.25K","-5.69%"
"Jun 09, 2020","55.35","60.25","61.00","54.50","1.46M","-2.12%"
"Jun 08, 2020","56.55","56.55","56.55","54.00","1.02M","9.91%"
"Jun 05, 2020","51.45","49.70","51.45","48.00","779.36K","9.94%"
"Jun 04, 2020","46.80","44.90","46.80","44.70","686.71K","4.93%"
"Jun 03, 2020","44.60","44.40","45.90","44.00","868.27K","1.59%"
"Jun 02, 2020","43.90","44.35","44.60","43.75","332.10K","-1.01%"
"Jun 01, 2020","44.35","45.70","45.70","44.15","435.37K","0.68%"
"May 29, 2020","44.05","44.90","46.45","43.15","645.17K","-2.11%"
"May 28, 2020","45.00","42.90","45.20","42.25","1.46M","4.53%"
"May 27, 2020","43.05","44.00","44.00","42.80","344.75K","-2.27%"
"May 26, 2020","44.05","46.00","46.45","43.40","956.52K","-2.22%"
"May 22, 2020","45.05","45.05","45.05","45.05","1.10M","4.89%"
"May 21, 2020","42.95","42.95","42.95","42.95","84.43K","4.88%"
"May 20, 2020","40.95","40.20","42.55","39.65","460.30K","-0.85%"
"May 19, 2020","41.30","42.10","42.95","41.30","328.79K","-4.95%"
"May 18, 2020","43.45","43.70","44.60","43.45","97.45K","-4.92%"
"May 15, 2020","45.70","43.90","45.70","41.85","728.27K","4.94%"
"May 14, 2020","43.55","47.00","47.00","43.05","817.85K","-3.33%"
"May 13, 2020","45.05","45.05","45.05","45.05","201.83K","4.89%"
"May 12, 2020","42.95","42.85","42.95","41.25","1.66M","4.88%"
"May 11, 2020","40.95","40.60","40.95","39.70","1.62M","5.00%"
"May 08, 2020","39.00","40.15","40.95","38.60","245.07K","-2.62%"
"May 07, 2020","40.05","39.75","41.40","39.75","184.48K","0.88%"
"May 06, 2020","39.70","41.40","41.40","38.80","272.07K","-2.22%"
"May 05, 2020","40.60","41.00","42.30","40.55","525.89K","-4.81%"
"May 04, 2020","42.65","42.65","44.00","42.65","134.04K","-4.91%"
"Apr 30, 2020","44.85","43.75","45.20","42.60","893.86K","4.18%"
"Apr 29, 2020","43.05","43.80","43.80","41.35","183.75K","-1.03%"
"Apr 28, 2020","43.50","43.70","44.00","42.80","205.02K","0.23%"
"Apr 27, 2020","43.40","43.35","44.10","42.75","255.34K","1.88%"
"Apr 24, 2020","42.60","44.80","44.80","42.25","224.06K","-4.05%"
"Apr 23, 2020","44.40","44.55","45.95","44.30","173.81K","0.45%"
"Apr 22, 2020","44.20","45.00","45.40","43.60","253.51K","-3.60%"
"Apr 21, 2020","45.85","47.70","47.80","45.35","491.86K","-3.88%"
"Apr 20, 2020","47.70","49.40","49.55","47.00","347.89K","-1.85%"
"Apr 17, 2020","48.60","48.80","49.10","47.00","406.90K","3.85%"
"Apr 16, 2020","46.80","45.90","47.80","44.05","464.20K","1.08%"
"Apr 15, 2020","46.30","47.40","47.90","46.30","528.32K","-4.93%"
"Apr 13, 2020","48.70","49.20","49.20","44.60","1.92M","3.84%"
"Apr 09, 2020","46.90","46.90","46.90","46.90","89.96K","4.92%"
"Apr 08, 2020","44.70","44.70","44.70","44.70","147.08K","4.93%"
"Apr 07, 2020","42.60","42.60","42.60","42.35","99.04K","4.93%"
"Apr 03, 2020","40.60","40.60","40.60","40.00","316.69K","4.91%"
"Apr 01, 2020","38.70","37.95","38.70","37.85","343.22K","4.88%"
"Mar 31, 2020","36.90","36.50","36.90","36.00","530.90K","4.98%"
"Mar 30, 2020","35.15","37.00","37.00","35.15","325.82K","-5.00%"
"Mar 27, 2020","37.00","37.30","37.30","35.00","767.78K","4.08%"
"Mar 26, 2020","35.55","34.00","35.55","33.50","854.58K","4.87%"
"Mar 25, 2020","33.90","32.00","34.00","30.80","613.54K","4.63%"
"Mar 24, 2020","32.40","32.05","35.15","31.85","1.32M","-3.28%"
"Mar 23, 2020","33.50","34.90","34.90","33.50","153.87K","-4.96%"
"Mar 20, 2020","35.25","34.50","35.80","32.50","834.71K","3.37%"
"Mar 19, 2020","34.10","34.10","37.25","34.10","950.33K","-9.91%"
"Mar 18, 2020","37.85","42.10","42.95","37.85","450.05K","-9.99%"
"Mar 17, 2020","42.05","41.60","45.65","39.80","1.09M","-1.29%"
"Mar 16, 2020","42.60","42.70","43.90","39.35","823.03K","-2.52%"
"Mar 13, 2020","43.70","44.95","48.00","43.70","2.99M","-9.99%"
"Mar 12, 2020","48.55","53.90","53.90","48.30","1.82M","-19.55%"
"Mar 11, 2020","60.35","64.20","66.00","60.00","702.22K","-4.89%"
"Mar 09, 2020","63.45","62.90","67.75","60.05","4.14M","0.40%"
"Mar 06, 2020","63.20","66.10","66.10","58.10","1.56M","-8.93%"
"Mar 05, 2020","69.40","70.60","72.20","69.05","3.56M","-2.12%"
"Mar 04, 2020","70.90","74.35","74.35","68.25","1.03M","-4.64%"
"Mar 03, 2020","74.35","76.25","78.70","73.00","705.05K","-2.04%"
"Mar 02, 2020","75.90","85.00","86.00","73.50","524.85K","-8.88%"
"Feb 28, 2020","83.30","86.00","86.00","82.10","477.99K","-4.69%"
"Feb 27, 2020","87.40","89.00","89.25","86.85","271.65K","-1.63%"
"Feb 26, 2020","88.85","87.45","90.20","86.30","620.25K","1.43%"
"Feb 25, 2020","87.60","87.70","89.30","86.80","435.98K","1.15%"
"Feb 24, 2020","86.60","90.30","92.20","86.00","618.26K","-6.83%"
"Feb 20, 2020","92.95","87.95","94.25","86.55","1.19M","6.05%"
"Feb 19, 2020","87.65","84.50","89.65","83.70","773.53K","4.28%"
"Feb 18, 2020","84.05","86.20","86.50","82.60","338.16K","-2.72%"
"Feb 17, 2020","86.40","89.50","89.55","85.30","489.92K","-3.57%"
"Feb 14, 2020","89.60","84.75","93.40","81.55","2.96M","5.79%"
"Feb 13, 2020","84.70","87.95","88.20","83.70","446.49K","-3.64%"
"Feb 12, 2020","87.90","90.60","90.90","87.65","405.11K","-2.98%"
"Feb 11, 2020","90.60","91.00","91.30","90.25","160.59K","-0.17%"
"Feb 10, 2020","90.75","91.65","91.90","90.60","139.97K","-0.98%"
"Feb 07, 2020","91.65","92.00","92.50","91.20","205.13K","-0.11%"
"Feb 06, 2020","91.75","92.70","93.45","91.50","293.82K","-0.97%"
"Feb 05, 2020","92.65","92.00","93.45","91.00","365.25K","0.82%"
"Feb 04, 2020","91.90","93.50","94.55","91.50","417.43K","-0.16%"
"Feb 03, 2020","92.05","93.45","96.50","91.20","290.84K","-1.66%"
"Feb 01, 2020","93.60","96.50","97.55","92.55","284.31K","-2.95%"
"Jan 31, 2020","96.45","97.00","97.60","96.05","168.66K","-0.21%"
"Jan 30, 2020","96.65","99.00","99.65","96.20","239.83K","-2.23%"
"Jan 29, 2020","98.85","99.70","100.70","98.70","249.80K","-0.90%"
"Jan 28, 2020","99.75","101.50","102.50","99.05","487.82K","1.06%"
"Jan 27, 2020","98.70","99.50","100.95","98.40","274.11K","-0.05%"
"Jan 24, 2020","98.75","100.90","101.60","98.40","575.75K","-0.25%"
"Jan 23, 2020","99.00","100.15","102.90","98.75","475.90K","1.18%"
"Jan 22, 2020","97.85","102.30","102.50","97.50","501.55K","-3.79%"
"Jan 21, 2020","101.70","102.45","102.65","101.35","191.72K","-0.93%"
"Jan 20, 2020","102.65","104.30","105.25","102.20","333.32K","-0.53%"
"Jan 17, 2020","103.20","104.00","104.80","102.70","235.13K","-0.82%"
"Jan 16, 2020","104.05","105.05","106.00","103.50","236.55K","-0.34%"
"Jan 15, 2020","104.40","105.00","105.25","103.55","216.01K","-0.43%"
"Jan 14, 2020","104.85","104.15","106.00","103.20","435.30K","0.67%"
"Jan 13, 2020","104.15","106.55","106.55","103.70","270.59K","-1.88%"
"Jan 10, 2020","106.15","108.90","109.10","105.05","458.51K","-0.14%"
"Jan 09, 2020","106.30","103.30","109.40","103.30","1.67M","7.10%"
"Jan 08, 2020","99.25","100.00","100.00","97.00","731.64K","-2.22%"
"Jan 07, 2020","101.50","108.90","108.90","100.65","615.69K","-3.33%"
"Jan 06, 2020","105.00","105.00","110.60","101.50","831.81K","-1.08%"
"Jan 03, 2020","106.15","112.70","113.05","105.60","915.92K","-6.80%"
"Jan 02, 2020","113.90","116.35","117.30","111.55","518.33K","-2.15%"
"Jan 01, 2020","116.40","113.00","120.00","113.00","1.60M","3.28%"